"op","n","pkg","median","min","mem_alloc","n_itr","date","v_duckspatial","v_duckdb","v_sf"
"join",100000,"duckspatial",0.23252269999989,0.226944399999866,126003872,3,"2026-10-09","1.2.1.9000","1.5.6","1.1.3"
"join",100000,"sf",2.20909510000024,2.20909510000024,42206576,1,"2026-10-09","1.2.1.9000","1.5.6","1.1.3"
"join",1000000,"duckspatial",0.632244000000128,0.61585940000009,26601568,3,"2026-10-09","1.2.1.9000","1.5.6","1.1.3"
"join",1000000,"sf",23.5546881999999,23.4703260000001,429752256,3,"2026-10-09","1.2.1.9000","1.5.6","1.1.3"
"join",3000000,"duckspatial",2.68934039999999,2.29174980000016,74603984,3,"2026-10-09","1.2.1.9000","1.5.6","1.1.3"
"join",3000000,"sf",72.3698991000001,71.8196131,1183203584,3,"2026-10-09","1.2.1.9000","1.5.6","1.1.3"
"filter",100000,"duckspatial",0.192827200000238,0.18906300000026,5087136,3,"2026-10-09","1.2.1.9000","1.5.6","1.1.3"
"filter",100000,"sf",2.99857190000012,2.94812070000012,15134952,3,"2026-10-09","1.2.1.9000","1.5.6","1.1.3"
"filter",1000000,"duckspatial",0.763631300000043,0.715767600000163,26625832,3,"2026-10-09","1.2.1.9000","1.5.6","1.1.3"
"filter",1000000,"sf",30.7004852999999,28.4227145,131674424,3,"2026-10-09","1.2.1.9000","1.5.6","1.1.3"
"filter",3000000,"duckspatial",3.0738229000001,2.83173890000012,74606904,3,"2026-10-09","1.2.1.9000","1.5.6","1.1.3"
"filter",3000000,"sf",94.9490013000002,91.9935821000001,393546384,3,"2026-10-09","1.2.1.9000","1.5.6","1.1.3"
"distance",1000,"duckspatial",0.673107200000231,0.673107200000231,6516040,1,"2026-10-09","1.2.1.9000","1.5.6","1.1.3"
"distance",1000,"sf",1.33707080000022,1.33707080000022,8224352,1,"2026-10-09","1.2.1.9000","1.5.6","1.1.3"
"distance",5000,"duckspatial",11.2530601999999,11.2530601999999,5204696,1,"2026-10-09","1.2.1.9000","1.5.6","1.1.3"
"distance",5000,"sf",33.9737260000002,33.9737260000002,200687016,1,"2026-10-09","1.2.1.9000","1.5.6","1.1.3"
"distance",10000,"duckspatial",34.9860472,34.9860472,5691224,1,"2026-10-09","1.2.1.9000","1.5.6","1.1.3"
"distance",10000,"sf",136.9934693,136.9934693,801367016,1,"2026-10-09","1.2.1.9000","1.5.6","1.1.3"
"union_agg",100000,"duckspatial",0.229579199999762,0.226832399999921,3659600,3,"2026-10-09","1.2.1.9000","1.5.6","1.1.3"
"union_agg",100000,"sf",2.30212300000017,2.15547130000004,26176352,3,"2026-10-09","1.2.1.9000","1.5.6","1.1.3"
"union_agg",1000000,"duckspatial",3.65045369999984,3.15328059999979,25208024,3,"2026-10-09","1.2.1.9000","1.5.6","1.1.3"
"union_agg",1000000,"sf",21.7283407,21.5700379,239820928,3,"2026-10-09","1.2.1.9000","1.5.6","1.1.3"
"union_agg",3000000,"duckspatial",18.5060372000003,16.4448998,73208216,3,"2026-10-09","1.2.1.9000","1.5.6","1.1.3"
"union_agg",3000000,"sf",82.9188279,79.9804914000001,717823456,3,"2026-10-09","1.2.1.9000","1.5.6","1.1.3"
"intersects",100000,"duckspatial",0.272732800000085,0.272732800000085,5128736,1,"2026-10-09","1.2.1.9000","1.5.6","1.1.3"
"intersects",100000,"sf",3.01355949999993,3.01355949999993,8285408,1,"2026-10-09","1.2.1.9000","1.5.6","1.1.3"
"intersects",1000000,"duckspatial",1.4432591000002,1.4432591000002,26626168,1,"2026-10-09","1.2.1.9000","1.5.6","1.1.3"
"intersects",1000000,"sf",31.3431084000001,31.3431084000001,76685408,1,"2026-10-09","1.2.1.9000","1.5.6","1.1.3"
"intersects",3000000,"duckspatial",4.47231859999988,4.47231859999988,74626360,1,"2026-10-09","1.2.1.9000","1.5.6","1.1.3"
"intersects",3000000,"sf",123.2678609,123.2678609,228749480,1,"2026-10-09","1.2.1.9000","1.5.6","1.1.3"
